{
    "2024 02 25 00 44": {
        "ETH": 2981.4,
        "BTC": 51498.59,
        "USDC": 1.0,
        "SOL": 103.87,
        "MNT": 0.779,
        "XRP": 0.544,
        "UNI": 11.2286,
        "ONDO": 0.41473,
        "SUSHI": 1.663,
        "DYDX": 3.554,
        "APEX": 2.3622,
        "JASMY": 0.016163,
        "WLD": 8.1603,
        "AGIX": 0.7367,
        "MAVIA": 7.3851,
        "MATIC": 0.9936,
        "SEI": 0.8445,
        "ARB": 1.84,
        "NEAR": 3.827,
        "MASK": 4.7405,
        "JUP": 0.4916,
        "SUI": 1.6472,
        "BLUR": 0.8029,
        "DOT": 7.819,
        "GALA": 0.02977,
        "STETH": 2979.02,
        "FIL": 7.828,
        "ADA": 0.5898,
        "SQR": 0.52372,
        "PEPE": 1.2812e-06,
        "AVAX": 36.5693,
        "MANTA": 2.9627,
        "RNDR": 7.2582,
        "LDO": 3.278,
        "OP": 3.6843,
        "STRK": 1.8887,
        "BNB": 381.5184,
        "ICP": 12.5466,
        "DOGE": 0.08571,
        "PLANET": 0.00011593,
        "EOS": 0.7997,
        "SFUND": 3.62378,
        "ATOM": 10.3976,
        "AAVE": 99.7054,
        "ARKM": 1.40442,
        "APT": 9.4422,
        "LTC": 70.27,
        "LINK": 18.4408,
        "ZETA": 2.2807,
        "PYTH": 0.56153,
        "XAI": 1.42068,
        "ZIG": 0.08147,
        "FET": 1.0642,
        "INJ": 34.495,
        "AGI": 0.23855,
        "DYM": 6.3485,
        "ORDI": 63.8229,
        "GPT": 0.026633,
        "TIA": 16.9182,
        "TRX": 0.13735,
        "STX": 2.56205,
        "KAS": 0.16944,
        "GRT": 0.27008,
        "USTC": 0.03247,
        "HBAR": 0.10871,
        "SC": 0.014702,
        "FAR": 0.090443,
        "FB": 0.917,
        "HFT": 0.3924,
        "BCH": 266.9,
        "DUEL": 0.0072,
        "YFI": 8332.28,
        "1INCH": 0.4967,
        "APE": 1.7547,
        "BEAM": 0.032732,
        "SHIB": 9.6077e-06,
        "FTM": 0.41918,
        "FLOW": 0.9999,
        "TON": 2.118,
        "ALT": 0.5072,
        "CRV": 0.5978,
        "MYRO": 0.0705,
        "SNX": 4.0236,
        "IMX": 3.08454,
        "VRTX": 0.3485,
        "THETA": 1.3182,
        "BONK": 1.17042e-05,
        "FIRE": 1.2807,
        "SIS": 0.38994,
        "XLM": 0.11651,
        "CAKE": 3.2244,
        "GMX": 50.0955,
        "WOO": 0.52567,
        "FLR": 0.04019,
        "COMP": 67.62,
        "PERP": 1.4079,
        "JTO": 2.10014,
        "CTC": 0.565524,
        "HOOK": 1.1265,
        "HNT": 8.8495,
        "XCAD": 1.4023,
        "SQT": 0.017765,
        "MEME": 0.027162,
        "ENS": 21.352,
        "ALGO": 0.19485,
        "TOMI": 0.986,
        "BOB": 4.528e-05,
        "XTZ": 1.1235,
        "SAND": 0.51879,
        "AXL": 1.462,
        "AXS": 8.0576,
        "ONE": 0.02023,
        "FLIP": 5.9909,
        "CELO": 0.8328,
        "EGO": 0.04774,
        "PURSE": 0.0004274,
        "MINA": 1.3115,
        "CGPT": 0.373933,
        "FITFI": 0.00707,
        "TWT": 1.3141,
        "MYRIA": 0.011139,
        "ETC": 26.03,
        "FMB": 0.03308,
        "C98": 0.3333,
        "CHZ": 0.1266,
        "ROOT": 0.072394,
        "HTX": 1.799e-06,
        "RDNT": 0.3518,
        "LRC": 0.2714,
        "KAVA": 0.8156,
        "GTAI": 2.9311,
        "CPOOL": 0.11495,
        "SOLO": 0.16955,
        "WAVES": 2.4334,
        "BCUT": 0.30128,
        "RUNE": 5.4037,
        "SLG": 0.043611,
        "SSV": 32.5688,
        "FIDA": 0.3523,
        "KCAL": 0.1467,
        "KDA": 1.1055,
        "LUNA": 0.664,
        "ROSE": 0.12104,
        "MINU": 0.006301,
        "COM": 1.3715,
        "KSM": 47.0983,
        "EOS2S": 3.0982,
        "MANA": 0.4994,
        "5IRE": 0.17716,
        "MKR": 2022.4,
        "CYBER": 8.7777,
        "DAI": 0.9988,
        "RVN": 0.02445,
        "ACH": 0.027297,
        "SPELL": 0.00086434,
        "VPR": 0.03105,
        "NEON": 1.22096,
        "VV": 0.010852,
        "IRL": 0.08422,
        "FXS": 8.408,
        "GMT": 0.266,
        "GAL": 2.9345,
        "PEOPLE": 0.02982,
        "MBOX": 0.3407,
        "CHRP": 0.021765,
        "DOT3L": 0.7334,
        "PENDLE": 2.7933,
        "AR": 13.8501,
        "MAGIC": 1.2654,
        "XDC": 0.04149,
        "DMAIL": 0.6829,
        "TENET": 0.14436,
        "ANKR": 0.031,
        "STG": 0.6634,
        "ZIL": 0.02422,
        "AIOZ": 0.3216,
        "KLAY": 0.23301,
        "VEXT": 0.25259,
        "TOKEN": 0.03617,
        "MEE": 0.009764,
        "FLOKI": 3.5481e-05,
        "EGLD": 58.05,
        "ZKF": 0.007764,
        "ETH3L": 2.9124,
        "GLMR": 0.4412,
        "LUNC": 0.0001241,
        "QNT": 103.8,
        "BAT": 0.2582,
        "WBTC": 51458.86,
        "ETHW": 2.9294,
        "VRA": 0.006792,
        "MLK": 0.3284,
        "SHRAP": 0.27891,
        "DOT3S": 0.065561,
        "RSS3": 0.20834,
        "CSPR": 0.03824,
        "LOOKS": 0.0868,
        "VINU": 1.2902e-08,
        "MBS": 0.049999,
        "RATS": 0.0002536,
        "ENJ": 0.35854,
        "SEILOR": 0.066862,
        "BOBA": 0.24478,
        "VANRY": 0.09163,
        "MXM": 0.0761,
        "NESS": 0.398,
        "SUN": 0.010885,
        "BTC3L": 3.3204,
        "PUMLX": 0.01328,
        "SIDUS": 0.0071468,
        "WWY": 0.008376,
        "FTM2S": 0.059863,
        "SLP": 0.003722,
        "FTT": 1.766,
        "NEXT": 0.37779,
        "ORT": 0.006987,
        "CTT": 0.014122,
        "COT": 0.033069,
        "ZRX": 0.3613,
        "1SOL": 0.024755,
        "IZI": 0.016653,
        "LENDS": 0.08812,
        "BICO": 0.3842,
        "ZTX": 0.02875,
        "QTUM": 3.2751,
        "LMWR": 0.771,
        "OMG": 0.752,
        "BTC3S": 0.4576,
        "PRIME": 12.64,
        "DGB": 0.010307,
        "CORE": 0.6618,
        "ZEN": 10.1495,
        "RPL": 28.2632,
        "APE2L": 0.3119,
        "MOVR": 22.2391,
        "APE2S": 1.5664,
        "ACA": 0.1027,
        "DEFI": 0.2644,
        "ARTY": 1.4514,
        "RACA": 0.00016206,
        "UMA": 3.9706,
        "TAP": 0.004194,
        "BEL": 0.7432,
        "AGLD": 1.4339,
        "LEVER": 0.001862,
        "SHILL": 0.00867,
        "FAME": 0.000751,
        "RAIN": 0.0012927,
        "KON": 0.001002,
        "SCRT": 0.4943,
        "OAS": 0.128111,
        "DLC": 0.11336,
        "WAXP": 0.0631,
        "SON": 0.0003157,
        "COQ": 1.513e-06,
        "EOS2L": 1.0878,
        "SAROS": 0.008966,
        "REN": 0.08139,
        "GSWIFT": 0.58079,
        "MIX": 0.002431,
        "MV": 0.03977,
        "ELDA": 0.015514,
        "SALD": 0.00549,
        "LADYS": 6.8e-08,
        "STAT": 0.1121,
        "GRAPE": 0.03135,
        "MATIC2L": 4.4952,
        "BNT": 0.7833,
        "DCR": 21.1357,
        "XAVA": 1.0417,
        "ID": 0.60414,
        "XRP3L": 0.8201,
        "LING": 0.004202,
        "ATOM2L": 3.8002,
        "VPAD": 0.03878,
        "ETH3S": 0.07013,
        "INSP": 0.20704,
        "PORT3": 0.08054,
        "SEOR": 0.002699,
        "TRIBE": 0.4029,
        "HOT": 0.002376,
        "POKT": 0.2236,
        "DZOO": 0.007786,
        "DOGE2L": 4.0261,
        "ATOM2S": 1.1521,
        "ERTHA": 0.001981,
        "VEGA": 0.9084,
        "FTM2L": 2.2254,
        "ICX": 0.25453,
        "FORT": 0.1809,
        "TAVA": 0.06808,
        "PPT": 0.1424,
        "ROUTE": 4.3814,
        "GG": 0.0888,
        "SD": 1.036,
        "CITY": 3.2059,
        "XEC": 3.297e-05,
        "KMON": 0.004959,
        "SWEAT": 0.009686,
        "PSP": 0.049117,
        "MATIC2S": 0.2249,
        "OKG": 0.002201,
        "LGX": 0.004563,
        "ACS": 0.002664,
        "KASTA": 0.025617,
        "HON": 0.01347,
        "VIC": 0.7699,
        "VELO": 0.004667,
        "SATS": 4.857e-07,
        "XEM": 0.03847,
        "FMC": 0.000737,
        "AVAX2L": 9.169,
        "BABYDOGE": 1.165e-09,
        "KOK": 0.00737,
        "TURBOS": 0.003236,
        "KRL": 0.5126,
        "AGLA": 0.02757,
        "KARATE": 0.0042783,
        "LINK2L": 19.5464,
        "POL": 0.9915,
        "SRM": 0.0491,
        "DOME": 0.000592,
        "CAPS": 0.025621,
        "WEMIX": 2.0338,